{"v":"5.5.9","fr":20,"ip":0,"op":205,"w":800,"h":800,"nm":"Comp 1","ddd":0,"assets":[{"id":"image_0","w":277,"h":507,"u":"images/","p":"img_0.png","e":0},{"id":"image_1","w":477,"h":198,"u":"images/","p":"img_1.png","e":0},{"id":"image_2","w":321,"h":388,"u":"images/","p":"img_2.png","e":0},{"id":"image_3","w":20,"h":20,"u":"images/","p":"img_3.png","e":0},{"id":"image_4","w":22,"h":22,"u":"images/","p":"img_4.png","e":0},{"id":"image_5","w":388,"h":390,"u":"images/","p":"img_5.png","e":0},{"id":"image_6","w":22,"h":22,"u":"images/","p":"img_6.png","e":0},{"id":"image_7","w":20,"h":20,"u":"images/","p":"img_7.png","e":0},{"id":"image_8","w":40,"h":45,"u":"images/","p":"img_8.png","e":0},{"id":"image_9","w":41,"h":41,"u":"images/","p":"img_9.png","e":0},{"id":"image_10","w":42,"h":41,"u":"images/","p":"img_10.png","e":0},{"id":"image_11","w":45,"h":45,"u":"images/","p":"img_11.png","e":0},{"id":"image_12","w":45,"h":42,"u":"images/","p":"img_12.png","e":0},{"id":"image_13","w":43,"h":31,"u":"images/","p":"img_13.png","e":0},{"id":"image_14","w":44,"h":38,"u":"images/","p":"img_14.png","e":0},{"id":"image_15","w":44,"h":35,"u":"images/","p":"img_15.png","e":0},{"id":"image_16","w":41,"h":19,"u":"images/","p":"img_16.png","e":0},{"id":"image_17","w":43,"h":38,"u":"images/","p":"img_17.png","e":0},{"id":"image_18","w":46,"h":46,"u":"images/","p":"img_18.png","e":0},{"id":"image_19","w":48,"h":41,"u":"images/","p":"img_19.png","e":0},{"id":"image_20","w":42,"h":40,"u":"images/","p":"img_20.png","e":0},{"id":"image_21","w":46,"h":45,"u":"images/","p":"img_21.png","e":0},{"id":"image_22","w":49,"h":49,"u":"images/","p":"img_22.png","e":0},{"id":"image_23","w":49,"h":49,"u":"images/","p":"img_23.png","e":0},{"id":"image_24","w":45,"h":49,"u":"images/","p":"img_24.png","e":0},{"id":"image_25","w":44,"h":50,"u":"images/","p":"img_25.png","e":0},{"id":"image_26","w":35,"h":44,"u":"images/","p":"img_26.png","e":0},{"id":"image_27","w":33,"h":41,"u":"images/","p":"img_27.png","e":0},{"id":"image_28","w":27,"h":42,"u":"images/","p":"img_28.png","e":0},{"id":"image_29","w":37,"h":44,"u":"images/","p":"img_29.png","e":0},{"id":"image_30","w":38,"h":45,"u":"images/","p":"img_30.png","e":0},{"id":"image_31","w":36,"h":42,"u":"images/","p":"img_31.png","e":0},{"id":"image_32","w":47,"h":53,"u":"images/","p":"img_32.png","e":0},{"id":"image_33","w":44,"h":43,"u":"images/","p":"img_33.png","e":0},{"id":"image_34","w":55,"h":50,"u":"images/","p":"img_34.png","e":0},{"id":"image_35","w":43,"h":34,"u":"images/","p":"img_35.png","e":0},{"id":"image_36","w":45,"h":37,"u":"images/","p":"img_36.png","e":0},{"id":"image_37","w":48,"h":42,"u":"images/","p":"img_37.png","e":0},{"id":"image_38","w":42,"h":39,"u":"images/","p":"img_38.png","e":0},{"id":"image_39","w":45,"h":42,"u":"images/","p":"img_39.png","e":0},{"id":"image_40","w":14,"h":9,"u":"images/","p":"img_40.png","e":0},{"id":"image_41","w":43,"h":31,"u":"images/","p":"img_41.png","e":0},{"id":"image_42","w":47,"h":41,"u":"images/","p":"img_42.png","e":0},{"id":"image_43","w":45,"h":41,"u":"images/","p":"img_43.png","e":0},{"id":"image_44","w":49,"h":39,"u":"images/","p":"img_44.png","e":0},{"id":"image_45","w":39,"h":41,"u":"images/","p":"img_45.png","e":0},{"id":"image_46","w":40,"h":45,"u":"images/","p":"img_46.png","e":0},{"id":"image_47","w":601,"h":601,"u":"images/","p":"img_47.png","e":0},{"id":"image_48","w":748,"h":748,"u":"images/","p":"img_48.png","e":0},{"id":"image_49","w":1,"h":1,"u":"images/","p":"img_49.png","e":0},{"id":"comp_0","layers":[{"ddd":0,"ind":4,"ty":2,"nm":"Layer 2","refId":"image_0","sr":1,"ks":{"o":{"a":0,"k":100,"ix":11},"r":{"a":0,"k":0,"ix":10},"p":{"a":0,"k":[396.037,383.461,0],"ix":2},"a":{"a":0,"k":[138.412,253.031,0],"ix":1},"s":{"a":0,"k":[100,100,100],"ix":6}},"ao":0,"hasMask":true,"masksProperties":[{"inv":false,"mode":"n","pt":{"a":0,"k":{"i":[[0.076,-0.049],[0,-0.333],[-6.903,0.342],[-2.801,10.161],[-4.176,14.468],[-0.842,-19.824],[-0.855,4.389],[-0.256,4.723],[-1.061,14.615],[-1.313,28.904],[-1.408,15.511],[-1.16,5.969],[-1.149,6.472],[-3.892,24.508],[-1.647,9.389],[-2.556,1.383],[2.025,-15.263],[4.594,-23.516],[0.734,-8.534],[0,-23.038],[0,-11.673],[1.337,-10.571],[1.611,-5.649],[3.623,-11.39],[-0.275,-0.39],[-0.856,0.507],[-1.714,5.976],[-2.816,10.976],[-6.167,27.863],[-10.876,-47.791],[7.805,51.316],[1.665,11.96],[-2.442,10.915],[-3.758,17.742],[-6.221,24.587],[-9.232,-41.266],[-0.124,-5.924],[1.239,-8.494],[1.722,-11.365],[4.974,-38.543],[-1.183,-8.796],[-9.484,47.85],[-9.613,-36.113],[-2.575,-8.735],[0.028,0.019],[0.475,-0.673],[1.723,5.59],[2.821,10.008],[0.496,4.274],[0,22.489],[0.96,21.144],[0.644,5.398],[0.782,3.838],[3.922,24.436],[0.016,3.842],[-0.518,3.99],[-2.272,9.949],[-6.497,-35.672],[-0.94,-12.384],[-0.738,-16.237],[-2.057,-47.322],[-0.076,1.61],[-0.898,10.971],[-3.121,42.857],[-9.099,-32.746],[-0.514,-1.807],[-1.113,-3.706],[-1.124,-3.657],[2.581,-2.06],[3.027,-0.135],[2.156,1.23],[1.32,5.092],[2.999,11.757],[-3.415,-13.73],[-0.701,-0.46],[-4.087,-0.194],[-2.124,2.492],[0,0.333],[7.578,51.464],[3.563,29.342],[0.665,12.016],[0.797,17.023],[1.758,11.427],[6.564,13.936],[4.368,5.782],[0.83,1.182],[1.324,2.033],[0.658,0.768],[0.703,0.755],[1.546,1.267],[2.053,1.674],[1.049,0.708],[6.251,3.045],[2.369,0.964],[2.237,-2.174],[-3.836,-2.22],[-1.678,-1.061],[1.908,-0.128],[-0.057,0.11],[0.801,0.266],[0.418,-0.029],[3.376,-2.383],[-1.367,-4.381],[0.577,-2.186],[-0.623,-2.971],[4.399,3.696],[-0.83,2.487],[0.233,2.294],[3.715,0.138],[3.263,0.915],[-1.824,-0.777],[-0.423,-2.525],[2.889,-2.497],[2.154,1.42],[0.074,-0.181],[-2.588,1.113],[-1.502,2.307],[4.306,-1.472],[0.96,-0.727],[1.211,-0.541],[1.508,1.342],[-7.336,4.998],[10.169,-7.728],[2.809,-3.139],[1.199,-1.79],[1.604,-2.223],[2.043,-3.269],[1.237,-2.016],[1.845,-41.958],[0.797,-12.822],[1.466,-12.414],[4.132,-28.066],[5.061,-28.076],[3.997,-21.162]],"o":[[0,0.333],[4.128,2.555],[15.19,-0.752],[4.907,-17.804],[-0.304,20.97],[-0.329,4.469],[0.366,-1.881],[0.671,-16.693],[2.119,-29.192],[0.708,-15.59],[0.536,-5.903],[1.255,-6.457],[4.419,-24.896],[1.574,-9.913],[0.385,-2.197],[-0.366,18.557],[-3.41,25.695],[-1.673,8.566],[-1.974,22.952],[0,11.607],[0,11.944],[-0.535,4.228],[-3.261,11.433],[-1.529,4.806],[1.078,1.529],[1.861,-1.102],[3.415,-11.904],[8.359,-32.575],[9.311,49.355],[-6.482,-51.951],[-1.979,-13.01],[-1.905,-13.684],[4.172,-18.647],[5.284,-24.943],[7.334,44.224],[1.432,6.399],[0.163,7.777],[-1.981,13.577],[-5.837,38.529],[-1.085,8.411],[8.513,-48.82],[7.329,33.667],[2.245,8.433],[1.189,4.031],[3.646,2.453],[0.547,-0.775],[-3.579,-11.61],[-1.607,-5.699],[-2.216,-19.102],[0,-21.362],[-0.252,-5.549],[-0.452,-3.791],[-5.145,-25.267],[-0.75,-4.67],[-0.015,-3.518],[1.787,-13.773],[5.475,37.171],[2.303,12.644],[1.279,16.86],[2.233,49.163],[0.35,8.061],[0.292,-6.161],[3.247,-39.693],[5.356,30.967],[0.43,1.549],[0.983,3.452],[0.67,2.23],[1.773,5.77],[-2.097,1.673],[-4.893,0.218],[-2.16,-1.232],[-3.97,-15.314],[1.722,13.581],[0.584,2.347],[2.363,1.55],[6.241,0.296],[0,-0.333],[-11.943,-44.673],[-4.548,-30.886],[-1.491,-12.28],[-1.103,-19.916],[-0.605,-12.92],[-2.848,-18.506],[-3.608,-7.66],[-0.943,-1.248],[-1.503,-2.142],[-0.53,-0.815],[-1.12,-1.307],[-1.299,-1.396],[-2.83,-2.319],[-0.899,-0.733],[-5.963,-4.023],[-2.143,-1.044],[-1.803,-0.734],[4.018,0.9],[1.795,1.039],[1.546,0.978],[-2.349,0.499],[-0.115,0.224],[-1.452,-0.482],[-3.658,0.255],[5.791,1.954],[0.137,0.439],[-0.51,1.932],[-1.925,-1.107],[-3.925,-3.297],[0.45,-1.349],[-4.742,-0.322],[-3.037,-0.113],[-1.401,-0.075],[3.159,1.655],[0.271,1.616],[-2.801,2.42],[-1.136,-0.749],[0.242,-0.589],[4.456,-1.916],[-5.656,1.805],[1.317,-0.45],[-1.057,0.8],[-1.766,0.79],[6.783,-5.55],[-13.832,4.868],[-3.995,3.036],[-1.832,2.047],[-1.406,2.098],[-2.735,3.791],[-1.723,2.758],[-16.666,27.179],[-0.519,11.808],[-0.729,11.742],[-3.456,29.268],[-4.359,29.602],[-4.453,24.701],[-0.011,0.061]],"v":[[0,490],[0,491],[17,491],[34,484],[47,427],[48,488],[49,495],[49,483],[51,429],[52,341],[53,294],[57,276],[60,257],[73,182],[77,153],[80,145],[85,202],[72,275],[67,301],[67,371],[67,406],[67,441],[63,456],[54,485],[49,500],[72,502],[77,484],[87,448],[110,353],[139,500],[115,345],[109,306],[112,274],[124,219],[139,145],[165,275],[169,294],[165,319],[160,357],[144,474],[142,500],[167,353],[194,465],[202,492],[204,502],[227,500],[223,485],[214,456],[210,441],[210,377],[210,312],[209,295],[206,284],[193,208],[191,195],[193,183],[198,144],[217,258],[224,296],[224,346],[228,494],[229,489],[229,459],[231,327],[257,434],[259,439],[261,450],[264,459],[272,488],[259,488],[247,489],[243,474],[231,428],[241,475],[245,491],[260,491],[277,491],[277,490],[249,335],[237,245],[233,208],[232,154],[228,117],[215,68],[201,46],[198,43],[195,36],[192,34],[190,30],[185,26],[177,20],[174,18],[156,7],[149,5],[143,3],[155,9],[161,12],[165,16],[155,12],[157,11],[154,12],[145,11],[165,20],[163,27],[161,35],[151,26],[141,17],[149,13],[138,17],[130,13],[128,14],[136,18],[125,26],[116,34],[112,19],[121,14],[132,10],[120,12],[121,13],[117,14],[111,16],[134,2],[97,22],[86,31],[82,38],[77,44],[70,54],[66,61],[44,171],[44,208],[40,244],[28,333],[14,421],[1,490]],"c":true},"ix":1},"o":{"a":0,"k":100,"ix":3},"x":{"a":0,"k":0,"ix":4},"nm":"Mask 1"},{"inv":false,"mode":"n","pt":{"a":0,"k":{"i":[[-8.915,39.058],[-0.094,5.448],[0.583,3.631],[4.473,28.427],[0,-0.667],[2.877,-16.912],[0.719,-4.076],[0.975,-11.337],[0.548,-11.598],[0,-11.704],[-2.039,-22.781]],"o":[[1.368,-5.993],[0.055,-3.191],[-4.524,-28.179],[0,0.667],[-2.129,15.357],[-0.677,3.982],[-1.899,10.765],[-0.956,11.113],[-0.536,11.349],[0,22.106],[9.46,-39.66]],"v":[[97,313],[101,295],[99,284],[86,201],[86,203],[78,252],[77,264],[70,298],[69,332],[69,367],[69,435]],"c":true},"ix":1},"o":{"a":0,"k":100,"ix":3},"x":{"a":0,"k":0,"ix":4},"nm":"Mask 2"},{"inv":false,"mode":"n","pt":{"a":0,"k":{"i":[[-5.651,-0.215],[-1.882,1.116],[-1.201,4.768],[-2.24,15.081],[0,16.289],[1.797,13.119],[7.133,-26.635],[6.97,-26.555]],"o":[[4.13,0.157],[1.74,-1.031],[4.367,-17.337],[2.165,-14.573],[0,-17.45],[-5.448,28.758],[-7.186,26.836],[3.272,0.174]],"v":[[17,488],[30,489],[34,473],[46,424],[47,373],[46,326],[27,409],[4,488]],"c":true},"ix":1},"o":{"a":0,"k":100,"ix":3},"x":{"a":0,"k":0,"ix":4},"nm":"Mask 3"},{"inv":false,"mode":"n","pt":{"a":0,"k":{"i":[[-5.44,20.727],[1.049,5.37],[1.606,1.875],[2.452,-1.951],[0.64,-4.494],[-0.869,-3.232],[-1.722,-6.583],[-4.958,-14.797]],"o":[[1.845,-7.031],[-0.254,-1.3],[-2.179,-2.543],[-4.296,3.419],[-0.199,1.399],[1.926,7.16],[4.533,17.334],[5.333,-22.464]],"v":[[154,58],[159,38],[155,33],[137,19],[117,39],[120,48],[125,68],[139,118]],"c":true},"ix":1},"o":{"a":0,"k":100,"ix":3},"x":{"a":0,"k":0,"ix":4},"nm":"Mask 4"},{"inv":false,"mode":"n","pt":{"a":0,"k":{"i":[[3.422,-3.648],[1.033,-4.368],[0.584,-4.364],[-0.908,1.983],[-4.267,4.583],[-0.676,0.948],[2.29,3.425]],"o":[[-3.115,3.321],[-0.805,3.402],[-2.359,1.983],[2.731,-7.439],[0.749,-0.805],[1.401,-1.965],[-3.656,-0.809]],"v":[[104,43],[95,54],[95,66],[96,66],[109,45],[110,42],[114,35]],"c":true},"ix":1},"o":{"a":0,"k":100,"ix":3},"x":{"a":0,"k":0,"ix":4},"nm":"Mask 5"},{"inv":false,"mode":"n","pt":{"a":0,"k":{"i":[[-1.746,4.45],[-0.688,3.403],[-2.041,5.839],[-3.844,5.906],[-0.368,-0.223],[3.377,-2.302],[3.458,-7.49],[-1.15,-15.423]],"o":[[1.629,-4.152],[1.168,-5.779],[1.845,-5.277],[0.91,-1.398],[-1.249,-0.755],[-8.244,5.62],[-6.602,14.301],[0.963,-7.04]],"v":[[88,84],[92,73],[93,52],[113,32],[111,20],[103,25],[83,44],[82,103]],"c":true},"ix":1},"o":{"a":0,"k":100,"ix":3},"x":{"a":0,"k":0,"ix":4},"nm":"Mask 6"},{"inv":false,"mode":"n","pt":{"a":0,"k":{"i":[[6.788,6.089],[0.766,-4.324],[-1.732,-2.239],[-1.006,-1.402],[-0.796,-1.191],[-3.917,-4.101]],"o":[[-0.734,-0.659],[-1.938,2.42],[0.974,1.259],[0.731,1.019],[3.348,5.007],[2.804,-15.925]],"v":[[167,38],[163,36],[168,44],[170,48],[173,51],[182,66]],"c":true},"ix":1},"o":{"a":0,"k":100,"ix":3},"x":{"a":0,"k":0,"ix":4},"nm":"Mask 7"},{"inv":false,"mode":"n","pt":{"a":0,"k":{"i":[[-1.511,-4.158],[-1.215,-0.548],[-0.295,-0.246],[-1.889,-6.886],[-1.543,-6.456],[-0.548,-1.441],[-1.306,-3.851],[-3.459,-0.601],[6.073,12.583],[4.003,3.046],[4.68,1.435]],"o":[[0.463,1.275],[0.274,0.124],[5.966,4.971],[1.926,7.02],[0.366,1.532],[1.986,5.225],[0.683,2.014],[-0.274,-20.458],[-2.819,-5.84],[-4.094,-3.115],[-0.796,5.598]],"v":[[164,33],[166,34],[167,36],[184,54],[185,75],[188,81],[193,94],[196,101],[194,43],[178,28],[166,20]],"c":true},"ix":1},"o":{"a":0,"k":100,"ix":3},"x":{"a":0,"k":0,"ix":4},"nm":"Mask 8"},{"inv":false,"mode":"n","pt":{"a":0,"k":{"i":[[3.799,-10.34],[0.483,-8.352],[-0.99,-9.896],[-0.941,-9.849],[-3.569,-19.693],[-6.109,30.446],[2.47,10.634],[1.952,8.843],[2.076,3.05]],"o":[[-3.347,9.109],[-0.521,9.001],[0.988,9.878],[1.919,20.078],[4.993,-31.958],[2.464,-12.28],[-2.46,-10.591],[-1.318,-5.973],[-5.068,7.293]],"v":[[109,95],[101,122],[104,151],[107,181],[113,241],[133,144],[132,114],[125,85],[121,68]],"c":true},"ix":1},"o":{"a":0,"k":100,"ix":3},"x":{"a":0,"k":0,"ix":4},"nm":"Mask 9"},{"inv":false,"mode":"n","pt":{"a":0,"k":{"i":[[-0.305,1.249],[-0.493,2.316],[-0.155,4.984],[1.214,10.206],[1.075,10.582],[1.024,10.579],[-0.761,9.917],[-3.654,8.956],[-1.929,3.924],[-1.92,3.424],[0.388,1.513],[2.019,6.941],[6.01,-20.433],[0.146,-7.664],[-0.779,-6.715],[-5.091,-41.865]],"o":[[0.572,-2.345],[1.057,-4.967],[0.299,-9.59],[-1.27,-10.676],[-1.026,-10.099],[-1.032,-10.666],[0.648,-8.439],[1.753,-4.297],[2.377,-4.837],[0.848,-1.512],[-1.856,-7.245],[-12.16,15.427],[-2.103,7.151],[-0.117,6.126],[5.129,44.216],[2.609,0.236]],"v":[[107,269],[108,261],[111,246],[107,216],[104,184],[101,153],[98,121],[107,93],[113,81],[119,68],[121,64],[115,41],[88,96],[83,119],[85,139],[104,274]],"c":true},"ix":1},"o":{"a":0,"k":100,"ix":3},"x":{"a":0,"k":0,"ix":4},"nm":"Mask 10"},{"inv":false,"mode":"n","pt":{"a":0,"k":{"i":[[-1.766,20.627],[-1.507,14.206],[0.322,4.655],[1.372,4.384],[2.295,5.586],[3.609,5.386],[0.85,-0.184],[2.623,-11.367],[1.131,-4.826],[-0.015,-4.444],[-0.387,-1.9],[-1.378,-6.474],[-6.945,-27.014]],"o":[[1.288,-15.041],[0.556,-5.236],[-0.303,-4.383],[-2.501,-7.993],[-2.669,-6.496],[-0.057,-0.61],[-1.486,11.699],[-1.072,4.644],[-1.275,5.442],[0.005,1.39],[1.583,7.777],[6.137,28.836],[1.045,-19.391]],"v":[[170,181],[174,136],[176,121],[172,107],[165,87],[156,68],[155,67],[148,100],[145,115],[141,130],[143,136],[147,157],[165,241]],"c":true},"ix":1},"o":{"a":0,"k":100,"ix":3},"x":{"a":0,"k":0,"ix":4},"nm":"Mask 11"},{"inv":false,"mode":"n","pt":{"a":0,"k":{"i":[[1.086,-4.91],[-0.537,-4.023],[-0.556,-0.874],[-0.696,-1.282],[-0.926,-1.837],[-3.209,-9.696],[1.217,-12.579],[1.658,-15.444],[1.985,-16.262],[-0.055,-1.635],[-0.965,-4.609],[-2.422,-4.58],[-5.183,38.502],[3.506,14.606],[0.923,3.211],[1.145,2.483],[1.274,2.913],[4.269,6.435],[2.587,1.292]],"o":[[-0.845,3.82],[0.19,1.421],[0.795,1.251],[1.075,1.979],[5.036,9.986],[3.586,10.834],[-1.511,15.613],[-1.874,17.458],[-0.28,2.297],[0.157,4.636],[1.125,5.374],[6.341,-35.92],[2.229,-16.558],[-0.861,-3.587],[-1.128,-3.926],[-1.916,-4.157],[-3.778,-8.638],[-1.632,-2.461],[-0.82,3.947]],"v":[[159,54],[156,66],[158,68],[159,72],[163,78],[175,106],[178,138],[173,185],[166,238],[165,246],[169,260],[172,275],[189,157],[192,106],[189,95],[185,83],[180,71],[166,47],[161,41]],"c":true},"ix":1},"o":{"a":0,"k":100,"ix":3},"x":{"a":0,"k":0,"ix":4},"nm":"Mask 12"},{"inv":false,"mode":"n","pt":{"a":0,"k":{"i":[[1.908,-3.828],[1.23,-32.85],[-3.553,-36.775],[-1.864,12.776],[-0.314,1.746],[-1.303,7.763],[-0.549,7.24],[-2.951,17.439],[-0.324,5.626],[0.146,4.203],[0.795,9.155]],"o":[[-11.726,23.523],[-1.432,38.245],[1.963,-12.723],[0.254,-1.742],[1.347,-7.492],[1.224,-7.293],[1.493,-19.684],[0.938,-5.542],[0.222,-3.869],[-0.459,-13.222],[-1.888,4.701]],"v":[[68,65],[51,153],[53,269],[59,230],[61,225],[64,202],[68,180],[72,122],[76,105],[75,93],[75,53]],"c":true},"ix":1},"o":{"a":0,"k":100,"ix":3},"x":{"a":0,"k":0,"ix":4},"nm":"Mask 13"},{"inv":false,"mode":"n","pt":{"a":0,"k":{"i":[[0,-8.982],[-0.41,-7.026],[-0.593,-2.9],[-0.907,-9.261],[-1.216,-13.081],[-1.186,-7.064],[-1.274,-7.499],[-2.95,-11.828],[31.434,47.863],[0.85,-0.184]],"o":[[0,9.213],[0.163,2.8],[2.126,10.4],[1.308,13.345],[0.643,6.911],[1.553,9.251],[2.318,13.646],[1.479,-76.743],[-0.057,-0.61],[1.042,9.485]],"v":[[202,80],[201,105],[203,113],[207,142],[209,182],[213,203],[217,231],[225,269],[202,54],[201,53]],"c":true},"ix":1},"o":{"a":0,"k":100,"ix":3},"x":{"a":0,"k":0,"ix":4},"nm":"Mask 14"},{"inv":false,"mode":"n","pt":{"a":0,"k":{"i":[[-3.069,-14.598],[0.704,7.59],[2.893,3.492]],"o":[[0.049,-7.268],[-0.706,-7.613],[-0.423,18.09]],"v":[[206,160],[204,138],[200,113]],"c":true},"ix":1},"o":{"a":0,"k":100,"ix":3},"x":{"a":0,"k":0,"ix":4},"nm":"Mask 15"},{"inv":false,"mode":"n","pt":{"a":0,"k":{"i":[[-2.248,-14.253],[0.493,16.493],[0.89,0.443]],"o":[[0.721,-15.279],[-0.211,-1.122],[-0.02,15.318]],"v":[[72,159],[77,116],[75,114]],"c":true},"ix":1},"o":{"a":0,"k":100,"ix":3},"x":{"a":0,"k":0,"ix":4},"nm":"Mask 16"},{"inv":false,"mode":"n","pt":{"a":0,"k":{"i":[[2.617,-16.391],[1.235,-7.981],[-0.209,-6.948],[-1.218,-5.533],[-11.309,-38.726],[0.499,32.702],[1.097,11.34],[1.48,7.745],[1.339,8.155],[3.353,15.798]],"o":[[-1.212,7.592],[-1.219,7.876],[0.154,5.116],[9.191,41.734],[-0.452,-35.351],[-0.18,-11.809],[-0.73,-7.542],[-1.557,-8.147],[-2.843,-17.312],[-0.812,17.213]],"v":[[183,249],[180,273],[176,296],[180,313],[209,435],[207,333],[207,298],[202,275],[198,250],[190,200]],"c":true},"ix":1},"o":{"a":0,"k":100,"ix":3},"x":{"a":0,"k":0,"ix":4},"nm":"Mask 17"},{"inv":false,"mode":"n","pt":{"a":0,"k":{"i":[[13.851,-72.482],[-0.19,1.135],[-7.963,38.3],[-1.036,12.993],[0.304,6.441],[3.264,18.384]],"o":[[-0.003,0.555],[10.007,-36.654],[2.658,-12.786],[0.477,-5.985],[-0.999,-21.132],[-6.654,79.68]],"v":[[12,451],[13,451],[39,337],[47,298],[46,280],[43,223]],"c":true},"ix":1},"o":{"a":0,"k":100,"ix":3},"x":{"a":0,"k":0,"ix":4},"nm":"Mask 18"},{"inv":false,"mode":"n","pt":{"a":0,"k":{"i":[[0.515,-11.919],[-1.122,-12.365],[-1.182,-6.079],[-0.692,-3.382],[-0.609,-2.949],[-2.632,-12.147],[-0.736,-3.395],[-1.846,-7.743],[-3.156,-12.2],[0,1.787],[0.566,3.427],[6.936,70.883]],"o":[[-0.549,12.695],[0.551,6.067],[0.653,3.358],[0.584,2.856],[2.953,14.302],[0.876,4.045],[1.797,8.294],[2.977,12.488],[0.271,1.052],[0,-3.301],[-11.256,-68.111],[-1.176,12.557]],"v":[[231,262],[230,300],[234,318],[235,328],[238,337],[246,379],[248,388],[254,411],[263,448],[264,447],[262,437],[233,225]],"c":true},"ix":1},"o":{"a":0,"k":100,"ix":3},"x":{"a":0,"k":0,"ix":4},"nm":"Mask 19"},{"inv":false,"mode":"n","pt":{"a":0,"k":{"i":[[13.24,-45.102],[3.802,-15.427],[-2.128,1.604],[-1.888,6.581],[-4.594,17.051],[-3.63,13.782],[-0.888,3.256],[-0.12,5.892],[0.869,6.869]],"o":[[-4.467,15.218],[2.876,-2.04],[1.57,-1.183],[5.546,-19.332],[4.051,-15.036],[0.831,-3.157],[1.863,-6.832],[0.193,-9.434],[-10.711,48.508]],"v":[[66,452],[53,498],[68,496],[73,478],[89,422],[102,375],[104,365],[109,346],[103,312]],"c":true},"ix":1},"o":{"a":0,"k":100,"ix":3},"x":{"a":0,"k":0,"ix":4},"nm":"Mask 20"},{"inv":false,"mode":"n","pt":{"a":0,"k":{"i":[[-0.764,-13.159],[-1.79,-6.525],[-1.7,-6.235],[-9.529,-32.711],[-1.131,-0.834],[-1.942,-2.328],[14.651,63.35],[0.85,-0.184]],"o":[[0.313,5.396],[1.704,6.212],[8.823,32.359],[1.806,6.199],[2.878,2.123],[-17.589,-60.412],[-0.057,-0.61],[0.244,9.578]],"v":[[168,348],[173,366],[178,385],[203,478],[209,496],[224,498],[174,314],[173,313]],"c":true},"ix":1},"o":{"a":0,"k":100,"ix":3},"x":{"a":0,"k":0,"ix":4},"nm":"Mask 21"}],"ef":[{"ty":22,"nm":"Stroke","np":13,"mn":"ADBE Stroke","ix":1,"en":1,"ef":[{"ty":10,"nm":"Path","mn":"ADBE Stroke-0001","ix":1,"v":{"a":0,"k":1,"ix":1}},{"ty":7,"nm":"All Masks","mn":"ADBE Stroke-0010","ix":2,"v":{"a":0,"k":0,"ix":2}},{"ty":7,"nm":"Stroke Sequentially","mn":"ADBE Stroke-0011","ix":3,"v":{"a":0,"k":1,"ix":3}},{"ty":2,"nm":"Color","mn":"ADBE Stroke-0002","ix":4,"v":{"a":0,"k":[1,1,1,1],"ix":4}},{"ty":0,"nm":"Brush Size","mn":"ADBE Stroke-0003","ix":5,"v":{"a":0,"k":122.6,"ix":5}},{"ty":0,"nm":"Brush Hardness","mn":"ADBE Stroke-0004","ix":6,"v":{"a":0,"k":0.95,"ix":6}},{"ty":0,"nm":"Opacity","mn":"ADBE Stroke-0005","ix":7,"v":{"a":0,"k":1,"ix":7}},{"ty":0,"nm":"Start","mn":"ADBE Stroke-0008","ix":8,"v":{"a":1,"k":[{"i":{"x":[0.667],"y":[1]},"o":{"x":[0.333],"y":[0]},"t":0,"s":[0]},{"t":9,"s":[100]}],"ix":8}},{"ty":0,"nm":"End","mn":"ADBE Stroke-0009","ix":9,"v":{"a":0,"k":0,"ix":9}},{"ty":7,"nm":"Spacing","mn":"ADBE Stroke-0006","ix":10,"v":{"a":0,"k":15,"ix":10}},{"ty":7,"nm":"Paint Style","mn":"ADBE Stroke-0007","ix":11,"v":{"a":0,"k":3,"ix":11}}]}],"ip":0,"op":103,"st":0,"bm":0},{"ddd":0,"ind":5,"ty":4,"nm":"Shape Layer 9","td":1,"sr":1,"ks":{"o":{"a":0,"k":100,"ix":11},"r":{"a":0,"k":0,"ix":10},"p":{"a":0,"k":[400,400,0],"ix":2},"a":{"a":0,"k":[0,0,0],"ix":1},"s":{"a":0,"k":[100,100,100],"ix":6}},"ao":0,"shapes":[{"ty":"gr","it":[{"ind":0,"ty":"sh","ix":1,"ks":{"a":0,"k":{"i":[[0,0],[-14,-46],[60.369,-20.58],[39.758,34.457],[-16,0]],"o":[[0,0],[15.241,50.077],[-88,30],[-30,-26],[16,0]],"v":[[86,-72],[248,-66],[38,68],[-220,94],[-102,-16]],"c":false},"ix":2},"nm":"Path 1","mn":"ADBE Vector Shape - Group","hd":false},{"ty":"st","c":{"a":0,"k":[0.16470600203,0.615685975318,0.560783954695,1],"ix":3},"o":{"a":0,"k":100,"ix":4},"w":{"a":0,"k":54,"ix":5},"lc":1,"lj":1,"ml":4,"bm":0,"nm":"Stroke 1","mn":"ADBE Vector Graphic - Stroke","hd":false},{"ty":"tr","p":{"a":0,"k":[0,0],"ix":2},"a":{"a":0,"k":[0,0],"ix":1},"s":{"a":0,"k":[100,100],"ix":3},"r":{"a":0,"k":0,"ix":6},"o":{"a":0,"k":100,"ix":7},"sk":{"a":0,"k":0,"ix":4},"sa":{"a":0,"k":0,"ix":5},"nm":"Transform"}],"nm":"Shape 1","np":3,"cix":2,"bm":0,"ix":1,"mn":"ADBE Vector Group","hd":false},{"ty":"tm","s":{"a":0,"k":0,"ix":1},"e":{"a":1,"k":[{"i":{"x":[0.667],"y":[1]},"o":{"x":[0.333],"y":[0]},"t":0,"s":[0]},{"t":7,"s":[100]}],"ix":2},"o":{"a":0,"k":0,"ix":3},"m":1,"ix":2,"nm":"Trim Paths 1","mn":"ADBE Vector Filter - Trim","hd":false}],"ip":0,"op":103,"st":0,"bm":0},{"ddd":0,"ind":6,"ty":2,"nm":"Layer 3","tt":1,"refId":"image_1","sr":1,"ks":{"o":{"a":0,"k":100,"ix":11},"r":{"a":0,"k":0,"ix":10},"p":{"a":0,"k":[411.893,408.085,0],"ix":2},"a":{"a":0,"k":[238.168,98.96,0],"ix":1},"s":{"a":0,"k":[100,100,100],"ix":6}},"ao":0,"ip":0,"op":103,"st":0,"bm":0},{"ddd":0,"ind":7,"ty":4,"nm":"Shape Layer 8","td":1,"sr":1,"ks":{"o":{"a":0,"k":100,"ix":11},"r":{"a":0,"k":0,"ix":10},"p":{"a":0,"k":[400,400,0],"ix":2},"a":{"a":0,"k":[0,0,0],"ix":1},"s":{"a":0,"k":[100,100,100],"ix":6}},"ao":0,"shapes":[{"ty":"gr","it":[{"ind":0,"ty":"sh","ix":1,"ks":{"a":0,"k":{"i":[[0,0],[0,54],[48,-42],[69.988,-165.172],[-16,0]],"o":[[0,0],[0,-54],[-48,42],[-50,118],[16,0]],"v":[[86,-28],[146,-164],[54,-196],[-160,66],[-112,166]],"c":false},"ix":2},"nm":"Path 1","mn":"ADBE Vector Shape - Group","hd":false},{"ty":"st","c":{"a":0,"k":[0.16470600203,0.615685975318,0.560783954695,1],"ix":3},"o":{"a":0,"k":100,"ix":4},"w":{"a":0,"k":10,"ix":5},"lc":1,"lj":1,"ml":4,"bm":0,"nm":"Stroke 1","mn":"ADBE Vector Graphic - Stroke","hd":false},{"ty":"tr","p":{"a":0,"k":[0,0],"ix":2},"a":{"a":0,"k":[0,0],"ix":1},"s":{"a":0,"k":[100,100],"ix":3},"r":{"a":0,"k":0,"ix":6},"o":{"a":0,"k":100,"ix":7},"sk":{"a":0,"k":0,"ix":4},"sa":{"a":0,"k":0,"ix":5},"nm":"Transform"}],"nm":"Shape 1","np":3,"cix":2,"bm":0,"ix":1,"mn":"ADBE Vector Group","hd":false},{"ty":"tm","s":{"a":0,"k":0,"ix":1},"e":{"a":1,"k":[{"i":{"x":[0.667],"y":[1]},"o":{"x":[0.333],"y":[0]},"t":0,"s":[0]},{"t":7,"s":[100]}],"ix":2},"o":{"a":0,"k":0,"ix":3},"m":1,"ix":2,"nm":"Trim Paths 1","mn":"ADBE Vector Filter - Trim","hd":false}],"ip":0,"op":103,"st":0,"bm":0},{"ddd":0,"ind":8,"ty":2,"nm":"Layer 4","tt":1,"refId":"image_2","sr":1,"ks":{"o":{"a":0,"k":100,"ix":11},"r":{"a":0,"k":0,"ix":10},"p":{"a":0,"k":[386.223,376.378,0],"ix":2},"a":{"a":0,"k":[160.349,193.932,0],"ix":1},"s":{"a":0,"k":[100,100,100],"ix":6}},"ao":0,"ip":0,"op":103,"st":0,"bm":0},{"ddd":0,"ind":9,"ty":4,"nm":"Shape Layer 5","td":1,"sr":1,"ks":{"o":{"a":0,"k":100,"ix":11},"r":{"a":0,"k":0,"ix":10},"p":{"a":0,"k":[400,400,0],"ix":2},"a":{"a":0,"k":[0,0,0],"ix":1},"s":{"a":0,"k":[100,100,100],"ix":6}},"ao":0,"shapes":[{"ty":"gr","it":[{"ind":0,"ty":"sh","ix":1,"ks":{"a":0,"k":{"i":[[0,0],[0,0],[0,0],[0,0]],"o":[[0,0],[0,0],[0,0],[0,0]],"v":[[87,-85],[-103,-19],[-136,196],[101,55]],"c":true},"ix":2},"nm":"Path 1","mn":"ADBE Vector Shape - Group","hd":false},{"ty":"st","c":{"a":0,"k":[0.56470600203,0.56470600203,0.56470600203,1],"ix":3},"o":{"a":0,"k":100,"ix":4},"w":{"a":0,"k":3,"ix":5},"lc":1,"lj":1,"ml":4,"bm":0,"nm":"Stroke 1","mn":"ADBE Vector Graphic - Stroke","hd":false},{"ty":"fl","c":{"a":0,"k":[0.345098039216,0.102852750292,0.102852750292,1],"ix":4},"o":{"a":0,"k":100,"ix":5},"r":1,"bm":0,"nm":"Fill 1","mn":"ADBE Vector Graphic - Fill","hd":false},{"ty":"tr","p":{"a":0,"k":[0,0],"ix":2},"a":{"a":0,"k":[0,0],"ix":1},"s":{"a":0,"k":[100,100],"ix":3},"r":{"a":0,"k":0,"ix":6},"o":{"a":0,"k":100,"ix":7},"sk":{"a":0,"k":0,"ix":4},"sa":{"a":0,"k":0,"ix":5},"nm":"Transform"}],"nm":"Shape 1","np":3,"cix":2,"bm":0,"ix":1,"mn":"ADBE Vector Group","hd":false}],"ip":0,"op":103,"st":0,"bm":0},{"ddd":0,"ind":10,"ty":2,"nm":"Layer 5","tt":2,"refId":"image_3","sr":1,"ks":{"o":{"a":0,"k":100,"ix":11},"r":{"a":0,"k":0,"ix":10},"p":{"a":1,"k":[{"i":{"x":0.833,"y":0.833},"o":{"x":0.167,"y":0.167},"t":0,"s":[326.5,319.126,0],"to":[49.597,-59.34,0],"ti":[-75.468,12.365,0]},{"i":{"x":0.833,"y":0.833},"o":{"x":0.167,"y":0.167},"t":22.158,"s":[503.5,184.626,0],"to":[102.463,-16.788,0],"ti":[91.185,-66.831,0]},{"i":{"x":0.833,"y":0.833},"o":{"x":0.167,"y":0.167},"t":57.067,"s":[409.5,472.125,0],"to":[-28.468,20.865,0],"ti":[39.032,18.865,0]},{"i":{"x":0.833,"y":0.833},"o":{"x":0.167,"y":0.167},"t":75.485,"s":[253,567.126,0],"to":[-53.534,-25.874,0],"ti":[-83.468,99.865,0]},{"t":103,"s":[326.5,319.126,0]}],"ix":2},"a":{"a":0,"k":[9.614,9.614,0],"ix":1},"s":{"a":1,"k":[{"i":{"x":[0.667,0.667,0.667],"y":[1,1,1]},"o":{"x":[0.333,0.333,0.333],"y":[0,0,0]},"t":0,"s":[0,0,100]},{"t":6,"s":[100,100,100]}],"ix":6}},"ao":0,"ip":0,"op":103,"st":0,"bm":0},{"ddd":0,"ind":11,"ty":4,"nm":"Shape Layer 4","td":1,"sr":1,"ks":{"o":{"a":0,"k":100,"ix":11},"r":{"a":0,"k":0,"ix":10},"p":{"a":0,"k":[400,400,0],"ix":2},"a":{"a":0,"k":[0,0,0],"ix":1},"s":{"a":0,"k":[100,100,100],"ix":6}},"ao":0,"shapes":[{"ty":"gr","it":[{"ind":0,"ty":"sh","ix":1,"ks":{"a":0,"k":{"i":[[0,0],[0,0],[0,0],[0,0]],"o":[[0,0],[0,0],[0,0],[0,0]],"v":[[89,-89],[-99,-48],[-94,17],[94,-38]],"c":true},"ix":2},"nm":"Path 1","mn":"ADBE Vector Shape - Group","hd":false},{"ty":"st","c":{"a":0,"k":[0.56470600203,0.56470600203,0.56470600203,1],"ix":3},"o":{"a":0,"k":100,"ix":4},"w":{"a":0,"k":3,"ix":5},"lc":1,"lj":1,"ml":4,"bm":0,"nm":"Stroke 1","mn":"ADBE Vector Graphic - Stroke","hd":false},{"ty":"fl","c":{"a":0,"k":[0.345098039216,0.102852750292,0.102852750292,1],"ix":4},"o":{"a":0,"k":100,"ix":5},"r":1,"bm":0,"nm":"Fill 1","mn":"ADBE Vector Graphic - Fill","hd":false},{"ty":"tr","p":{"a":0,"k":[0,0],"ix":2},"a":{"a":0,"k":[0,0],"ix":1},"s":{"a":0,"k":[100,100],"ix":3},"r":{"a":0,"k":0,"ix":6},"o":{"a":0,"k":100,"ix":7},"sk":{"a":0,"k":0,"ix":4},"sa":{"a":0,"k":0,"ix":5},"nm":"Transform"}],"nm":"Shape 1","np":3,"cix":2,"bm":0,"ix":1,"mn":"ADBE Vector Group","hd":false}],"ip":0,"op":103,"st":0,"bm":0},{"ddd":0,"ind":12,"ty":2,"nm":"Layer 6","tt":2,"refId":"image_4","sr":1,"ks":{"o":{"a":0,"k":100,"ix":11},"r":{"a":0,"k":0,"ix":10},"p":{"a":1,"k":[{"i":{"x":0.833,"y":0.833},"o":{"x":0.167,"y":0.167},"t":-79,"s":[400.5,348,0],"to":[121.23,-40.996,0],"ti":[-23,-5,0]},{"i":{"x":0.833,"y":0.833},"o":{"x":0.167,"y":0.167},"t":-57.27,"s":[620.5,315.5,0],"to":[101.46,22.057,0],"ti":[107.5,-35,0]},{"i":{"x":0.833,"y":0.833},"o":{"x":0.167,"y":0.167},"t":-27.128,"s":[420.5,474,0],"to":[-98.991,32.23,0],"ti":[-71.769,75.032,0]},{"i":{"x":0.833,"y":0.833},"o":{"x":0.167,"y":0.167},"t":0.949,"s":[190,454,0],"to":[44,-46,0],"ti":[-103.5,35,0]},{"t":24,"s":[400.5,348,0]}],"ix":2,"x":"var $bm_rt;\n$bm_rt = loopOut();"},"a":{"a":0,"k":[10.668,10.668,0],"ix":1},"s":{"a":1,"k":[{"i":{"x":[0.667,0.667,0.667],"y":[1,1,1]},"o":{"x":[0.333,0.333,0.333],"y":[0,0,0]},"t":0,"s":[0,0,100]},{"t":9,"s":[100,100,100]}],"ix":6}},"ao":0,"ip":0,"op":103,"st":-79,"bm":0},{"ddd":0,"ind":13,"ty":4,"nm":"Shape Layer 10","td":1,"sr":1,"ks":{"o":{"a":0,"k":100,"ix":11},"r":{"a":0,"k":0,"ix":10},"p":{"a":0,"k":[400,400,0],"ix":2},"a":{"a":0,"k":[0,0,0],"ix":1},"s":{"a":0,"k":[100,100,100],"ix":6}},"ao":0,"shapes":[{"ty":"gr","it":[{"ind":0,"ty":"sh","ix":1,"ks":{"a":0,"k":{"i":[[0,0],[0,-122],[74,-14],[-22.487,187.388],[-42,24]],"o":[[0,0],[0,122],[-74,14],[12,-100],[42,-24]],"v":[[76,-158],[184,16],[40,216],[-194,8],[-64,-168]],"c":false},"ix":2},"nm":"Path 1","mn":"ADBE Vector Shape - Group","hd":false},{"ty":"st","c":{"a":0,"k":[0.16470600203,0.615685975318,0.560783954695,1],"ix":3},"o":{"a":0,"k":100,"ix":4},"w":{"a":0,"k":54,"ix":5},"lc":1,"lj":1,"ml":4,"bm":0,"nm":"Stroke 1","mn":"ADBE Vector Graphic - Stroke","hd":false},{"ty":"tr","p":{"a":0,"k":[0,0],"ix":2},"a":{"a":0,"k":[0,0],"ix":1},"s":{"a":0,"k":[100,100],"ix":3},"r":{"a":0,"k":0,"ix":6},"o":{"a":0,"k":100,"ix":7},"sk":{"a":0,"k":0,"ix":4},"sa":{"a":0,"k":0,"ix":5},"nm":"Transform"}],"nm":"Shape 1","np":3,"cix":2,"bm":0,"ix":1,"mn":"ADBE Vector Group","hd":false},{"ty":"tm","s":{"a":0,"k":0,"ix":1},"e":{"a":1,"k":[{"i":{"x":[0.833],"y":[0.833]},"o":{"x":[0.167],"y":[0.167]},"t":0,"s":[0]},{"t":6,"s":[100]}],"ix":2},"o":{"a":0,"k":0,"ix":3},"m":1,"ix":2,"nm":"Trim Paths 1","mn":"ADBE Vector Filter - Trim","hd":false}],"ip":0,"op":103,"st":0,"bm":0},{"ddd":0,"ind":14,"ty":2,"nm":"Layer 7","tt":1,"refId":"image_5","sr":1,"ks":{"o":{"a":0,"k":100,"ix":11},"r":{"a":0,"k":0,"ix":10},"p":{"a":0,"k":[395.971,431.149,0],"ix":2},"a":{"a":0,"k":[193.957,194.979,0],"ix":1},"s":{"a":0,"k":[100,100,100],"ix":6}},"ao":0,"ip":0,"op":103,"st":0,"bm":0},{"ddd":0,"ind":15,"ty":4,"nm":"Shape Layer 7","td":1,"sr":1,"ks":{"o":{"a":0,"k":100,"ix":11},"r":{"a":0,"k":0,"ix":10},"p":{"a":0,"k":[400,400,0],"ix":2},"a":{"a":0,"k":[0,0,0],"ix":1},"s":{"a":0,"k":[100,100,100],"ix":6}},"ao":0,"shapes":[{"ty":"gr","it":[{"ind":0,"ty":"sh","ix":1,"ks":{"a":0,"k":{"i":[[10,21],[0,0],[0,0],[0,0],[0,0],[0,0],[0,0],[0,0],[0,0],[0,0],[0,0],[0,0],[0,0],[0,0],[0,0],[0,0],[0,0],[0,0],[0,0],[0,0],[0,18]],"o":[[-10,-21],[0,0],[0,0],[0,0],[0,0],[0,0],[0,0],[0,0],[0,0],[0,0],[0,0],[0,0],[0,0],[0,0],[0,0],[0,0],[0,0],[0,0],[0,0],[0,0],[0,-18]],"v":[[74,-189],[-85,-187],[-105,11],[-135,196.75],[-106.5,202.75],[-93.25,152.75],[-92.75,211.5],[-86.5,214.25],[-69.25,220.5],[-47,142.5],[-16.25,152],[-2.25,232.75],[20,96.25],[39.25,108],[59.25,223.5],[86.25,220.25],[86.25,147.5],[93,178],[100,209],[130,203],[88,-128]],"c":true},"ix":2},"nm":"Path 1","mn":"ADBE Vector Shape - Group","hd":false},{"ty":"st","c":{"a":0,"k":[0.56470600203,0.56470600203,0.56470600203,1],"ix":3},"o":{"a":0,"k":100,"ix":4},"w":{"a":0,"k":3,"ix":5},"lc":1,"lj":1,"ml":4,"bm":0,"nm":"Stroke 1","mn":"ADBE Vector Graphic - Stroke","hd":false},{"ty":"fl","c":{"a":0,"k":[0.345098039216,0.102852750292,0.102852750292,1],"ix":4},"o":{"a":0,"k":100,"ix":5},"r":1,"bm":0,"nm":"Fill 1","mn":"ADBE Vector Graphic - Fill","hd":false},{"ty":"tr","p":{"a":0,"k":[0,0],"ix":2},"a":{"a":0,"k":[0,0],"ix":1},"s":{"a":0,"k":[100,100],"ix":3},"r":{"a":0,"k":0,"ix":6},"o":{"a":0,"k":100,"ix":7},"sk":{"a":0,"k":0,"ix":4},"sa":{"a":0,"k":0,"ix":5},"nm":"Transform"}],"nm":"Shape 1","np":3,"cix":2,"bm":0,"ix":1,"mn":"ADBE Vector Group","hd":false}],"ip":0,"op":103,"st":0,"bm":0},{"ddd":0,"ind":16,"ty":2,"nm":"Layer 8","tt":2,"refId":"image_6","sr":1,"ks":{"o":{"a":0,"k":100,"ix":11},"r":{"a":0,"k":0,"ix":10},"p":{"a":1,"k":[{"i":{"x":0.833,"y":0.833},"o":{"x":0.167,"y":0.167},"t":0,"s":[387.5,222,0],"to":[127.5,11,0],"ti":[0,-103.83,0]},{"i":{"x":0.833,"y":0.833},"o":{"x":0.167,"y":0.167},"t":26.948,"s":[587,440,0],"to":[0,103.83,0],"ti":[104.106,0,0]},{"i":{"x":0.833,"y":0.833},"o":{"x":0.167,"y":0.167},"t":50.82,"s":[406.5,625,0],"to":[-104.106,0,0],"ti":[0,103.829,0]},{"i":{"x":0.833,"y":0.833},"o":{"x":0.167,"y":0.167},"t":77.29,"s":[204,415,0],"to":[0,-103.83,0],"ti":[-103.72,-8.948,0]},{"t":102,"s":[387.5,222,0]}],"ix":2},"a":{"a":0,"k":[10.668,10.668,0],"ix":1},"s":{"a":0,"k":[100,100,100],"ix":6}},"ao":0,"ip":0,"op":103,"st":0,"bm":0},{"ddd":0,"ind":17,"ty":4,"nm":"Shape Layer 6","td":1,"sr":1,"ks":{"o":{"a":0,"k":100,"ix":11},"r":{"a":0,"k":0,"ix":10},"p":{"a":0,"k":[400,400,0],"ix":2},"a":{"a":0,"k":[0,0,0],"ix":1},"s":{"a":0,"k":[100,100,100],"ix":6}},"ao":0,"shapes":[{"ty":"gr","it":[{"ind":0,"ty":"sh","ix":1,"ks":{"a":0,"k":{"i":[[0,0],[0,0],[0,0],[0,0]],"o":[[0,0],[0,0],[0,0],[0,0]],"v":[[87,-101],[-97,-53],[-97,14],[95,-43]],"c":true},"ix":2},"nm":"Path 1","mn":"ADBE Vector Shape - Group","hd":false},{"ty":"st","c":{"a":0,"k":[0.56470600203,0.56470600203,0.56470600203,1],"ix":3},"o":{"a":0,"k":100,"ix":4},"w":{"a":0,"k":3,"ix":5},"lc":1,"lj":1,"ml":4,"bm":0,"nm":"Stroke 1","mn":"ADBE Vector Graphic - Stroke","hd":false},{"ty":"fl","c":{"a":0,"k":[0.345098039216,0.102852750292,0.102852750292,1],"ix":4},"o":{"a":0,"k":100,"ix":5},"r":1,"bm":0,"nm":"Fill 1","mn":"ADBE Vector Graphic - Fill","hd":false},{"ty":"tr","p":{"a":0,"k":[0,0],"ix":2},"a":{"a":0,"k":[0,0],"ix":1},"s":{"a":0,"k":[100,100],"ix":3},"r":{"a":0,"k":0,"ix":6},"o":{"a":0,"k":100,"ix":7},"sk":{"a":0,"k":0,"ix":4},"sa":{"a":0,"k":0,"ix":5},"nm":"Transform"}],"nm":"Shape 1","np":3,"cix":2,"bm":0,"ix":1,"mn":"ADBE Vector Group","hd":false}],"ip":0,"op":103,"st":0,"bm":0},{"ddd":0,"ind":18,"ty":2,"nm":"Layer 9","tt":2,"refId":"image_7","sr":1,"ks":{"o":{"a":0,"k":100,"ix":11},"r":{"a":0,"k":0,"ix":10},"p":{"a":1,"k":[{"i":{"x":0.833,"y":0.833},"o":{"x":0.167,"y":0.167},"t":0,"s":[400.5,348,0],"to":[121.23,-40.996,0],"ti":[-23,-5,0]},{"i":{"x":0.833,"y":0.833},"o":{"x":0.167,"y":0.167},"t":21.73,"s":[620.5,315.5,0],"to":[101.46,22.057,0],"ti":[107.5,-35,0]},{"i":{"x":0.833,"y":0.833},"o":{"x":0.167,"y":0.167},"t":51.872,"s":[420.5,474,0],"to":[-98.991,32.23,0],"ti":[-71.769,75.032,0]},{"i":{"x":0.833,"y":0.833},"o":{"x":0.167,"y":0.167},"t":79.949,"s":[190,454,0],"to":[44,-46,0],"ti":[-103.5,35,0]},{"t":103,"s":[400.5,348,0]}],"ix":2},"a":{"a":0,"k":[9.614,9.614,0],"ix":1},"s":{"a":0,"k":[100,100,100],"ix":6}},"ao":0,"ip":0,"op":103,"st":0,"bm":0},{"ddd":0,"ind":19,"ty":2,"nm":"Layer 10","refId":"image_8","sr":1,"ks":{"o":{"a":0,"k":100,"ix":11},"r":{"a":0,"k":0,"ix":10},"p":{"a":0,"k":[226.002,664.388,0],"ix":2},"a":{"a":0,"k":[19.876,22.188,0],"ix":1},"s":{"a":1,"k":[{"i":{"x":[0.833,0.833,0.833],"y":[0.833,0.833,0.833]},"o":{"x":[0.167,0.167,0.167],"y":[0.167,0.167,0.167]},"t":0,"s":[0,0,100]},{"t":4,"s":[100,100,100]}],"ix":6}},"ao":0,"ip":0,"op":103,"st":0,"bm":0},{"ddd":0,"ind":20,"ty":2,"nm":"Layer 11","refId":"image_9","sr":1,"ks":{"o":{"a":0,"k":100,"ix":11},"r":{"a":0,"k":0,"ix":10},"p":{"a":0,"k":[188.462,644.858,0],"ix":2},"a":{"a":0,"k":[20.341,20.437,0],"ix":1},"s":{"a":1,"k":[{"i":{"x":[0.833,0.833,0.833],"y":[0.833,0.833,0.833]},"o":{"x":[0.167,0.167,0.167],"y":[0.167,0.167,0.167]},"t":1,"s":[0,0,100]},{"t":5,"s":[100,100,100]}],"ix":6}},"ao":0,"ip":1,"op":103,"st":1,"bm":0},{"ddd":0,"ind":21,"ty":2,"nm":"Layer 12","refId":"image_10","sr":1,"ks":{"o":{"a":0,"k":100,"ix":11},"r":{"a":0,"k":0,"ix":10},"p":{"a":0,"k":[163.774,621.068,0],"ix":2},"a":{"a":0,"k":[20.797,20.172,0],"ix":1},"s":{"a":1,"k":[{"i":{"x":[0.833,0.833,0.833],"y":[0.833,0.833,0.833]},"o":{"x":[0.167,0.167,0.167],"y":[0.167,0.167,0.167]},"t":3,"s":[0,0,100]},{"t":7,"s":[100,100,100]}],"ix":6}},"ao":0,"ip":3,"op":103,"st":3,"bm":0},{"ddd":0,"ind":22,"ty":2,"nm":"Layer 13","refId":"image_11","sr":1,"ks":{"o":{"a":0,"k":100,"ix":11},"r":{"a":0,"k":0,"ix":10},"p":{"a":0,"k":[137.31,589.852,0],"ix":2},"a":{"a":0,"k":[22,22.099,0],"ix":1},"s":{"a":1,"k":[{"i":{"x":[0.833,0.833,0.833],"y":[0.833,0.833,0.833]},"o":{"x":[0.167,0.167,0.167],"y":[0.167,0.167,0.167]},"t":3,"s":[0,0,100]},{"t":7,"s":[100,100,100]}],"ix":6}},"ao":0,"ip":3,"op":103,"st":3,"bm":0},{"ddd":0,"ind":23,"ty":2,"nm":"Layer 14","refId":"image_12","sr":1,"ks":{"o":{"a":0,"k":100,"ix":11},"r":{"a":0,"k":0,"ix":10},"p":{"a":0,"k":[112.982,550.236,0],"ix":2},"a":{"a":0,"k":[22.424,20.943,0],"ix":1},"s":{"a":1,"k":[{"i":{"x":[0.833,0.833,0.833],"y":[0.833,0.833,0.833]},"o":{"x":[0.167,0.167,0.167],"y":[0.167,0.167,0.167]},"t":4,"s":[0,0,100]},{"t":8,"s":[100,100,100]}],"ix":6}},"ao":0,"ip":4,"op":103,"st":4,"bm":0},{"ddd":0,"ind":24,"ty":2,"nm":"Layer 15","refId":"image_13","sr":1,"ks":{"o":{"a":0,"k":100,"ix":11},"r":{"a":0,"k":0,"ix":10},"p":{"a":0,"k":[99.148,520.618,0],"ix":2},"a":{"a":0,"k":[21.345,15.06,0],"ix":1},"s":{"a":1,"k":[{"i":{"x":[0.833,0.833,0.833],"y":[0.833,0.833,0.833]},"o":{"x":[0.167,0.167,0.167],"y":[0.167,0.167,0.167]},"t":6,"s":[0,0,100]},{"t":10,"s":[100,100,100]}],"ix":6}},"ao":0,"ip":6,"op":103,"st":6,"bm":0},{"ddd":0,"ind":25,"ty":2,"nm":"Layer 16","refId":"image_14","sr":1,"ks":{"o":{"a":0,"k":100,"ix":11},"r":{"a":0,"k":0,"ix":10},"p":{"a":0,"k":[89.986,482.502,0],"ix":2},"a":{"a":0,"k":[21.95,18.686,0],"ix":1},"s":{"a":1,"k":[{"i":{"x":[0.833,0.833,0.833],"y":[0.833,0.833,0.833]},"o":{"x":[0.167,0.167,0.167],"y":[0.167,0.167,0.167]},"t":7,"s":[0,0,100]},{"t":11,"s":[100,100,100]}],"ix":6}},"ao":0,"ip":7,"op":103,"st":7,"bm":0},{"ddd":0,"ind":26,"ty":2,"nm":"Layer 17","refId":"image_15","sr":1,"ks":{"o":{"a":0,"k":100,"ix":11},"r":{"a":0,"k":0,"ix":10},"p":{"a":0,"k":[79.311,447.388,0],"ix":2},"a":{"a":0,"k":[21.639,17.095,0],"ix":1},"s":{"a":1,"k":[{"i":{"x":[0.833,0.833,0.833],"y":[0.833,0.833,0.833]},"o":{"x":[0.167,0.167,0.167],"y":[0.167,0.167,0.167]},"t":9,"s":[0,0,100]},{"t":13,"s":[100,100,100]}],"ix":6}},"ao":0,"ip":9,"op":103,"st":9,"bm":0},{"ddd":0,"ind":27,"ty":2,"nm":"Layer 18","refId":"image_16","sr":1,"ks":{"o":{"a":0,"k":100,"ix":11},"r":{"a":0,"k":0,"ix":10},"p":{"a":0,"k":[75.943,416.038,0],"ix":2},"a":{"a":0,"k":[20.138,9.44,0],"ix":1},"s":{"a":1,"k":[{"i":{"x":[0.833,0.833,0.833],"y":[0.833,0.833,0.833]},"o":{"x":[0.167,0.167,0.167],"y":[0.167,0.167,0.167]},"t":10,"s":[0,0,100]},{"t":14,"s":[100,100,100]}],"ix":6}},"ao":0,"ip":10,"op":103,"st":10,"bm":0},{"ddd":0,"ind":28,"ty":2,"nm":"Layer 19","refId":"image_17","sr":1,"ks":{"o":{"a":0,"k":100,"ix":11},"r":{"a":0,"k":0,"ix":10},"p":{"a":0,"k":[75.902,381.043,0],"ix":2},"a":{"a":0,"k":[21.031,18.671,0],"ix":1},"s":{"a":1,"k":[{"i":{"x":[0.833,0.833,0.833],"y":[0.833,0.833,0.833]},"o":{"x":[0.167,0.167,0.167],"y":[0.167,0.167,0.167]},"t":12,"s":[0,0,100]},{"t":16,"s":[100,100,100]}],"ix":6}},"ao":0,"ip":12,"op":103,"st":12,"bm":0},{"ddd":0,"ind":29,"ty":2,"nm":"Layer 20","refId":"image_18","sr":1,"ks":{"o":{"a":0,"k":100,"ix":11},"r":{"a":0,"k":0,"ix":10},"p":{"a":0,"k":[81.312,335.171,0],"ix":2},"a":{"a":0,"k":[22.716,22.676,0],"ix":1},"s":{"a":1,"k":[{"i":{"x":[0.833,0.833,0.833],"y":[0.833,0.833,0.833]},"o":{"x":[0.167,0.167,0.167],"y":[0.167,0.167,0.167]},"t":13,"s":[0,0,100]},{"t":17,"s":[100,100,100]}],"ix":6}},"ao":0,"ip":13,"op":103,"st":13,"bm":0},{"ddd":0,"ind":30,"ty":2,"nm":"Layer 21","refId":"image_19","sr":1,"ks":{"o":{"a":0,"k":100,"ix":11},"r":{"a":0,"k":0,"ix":10},"p":{"a":0,"k":[92.876,293.358,0],"ix":2},"a":{"a":0,"k":[23.524,20.2,0],"ix":1},"s":{"a":1,"k":[{"i":{"x":[0.833,0.833,0.833],"y":[0.833,0.833,0.833]},"o":{"x":[0.167,0.167,0.167],"y":[0.167,0.167,0.167]},"t":14,"s":[0,0,100]},{"t":18,"s":[100,100,100]}],"ix":6}},"ao":0,"ip":14,"op":103,"st":14,"bm":0},{"ddd":0,"ind":31,"ty":2,"nm":"Layer 22","refId":"image_20","sr":1,"ks":{"o":{"a":0,"k":100,"ix":11},"r":{"a":0,"k":0,"ix":10},"p":{"a":0,"k":[134.785,211.469,0],"ix":2},"a":{"a":0,"k":[20.59,19.674,0],"ix":1},"s":{"a":1,"k":[{"i":{"x":[0.833,0.833,0.833],"y":[0.833,0.833,0.833]},"o":{"x":[0.167,0.167,0.167],"y":[0.167,0.167,0.167]},"t":16,"s":[0,0,100]},{"t":20,"s":[100,100,100]}],"ix":6}},"ao":0,"ip":16,"op":103,"st":16,"bm":0},{"ddd":0,"ind":32,"ty":2,"nm":"Layer 23","refId":"image_21","sr":1,"ks":{"o":{"a":0,"k":100,"ix":11},"r":{"a":0,"k":0,"ix":10},"p":{"a":0,"k":[155.059,179.059,0],"ix":2},"a":{"a":0,"k":[22.987,22.349,0],"ix":1},"s":{"a":1,"k":[{"i":{"x":[0.833,0.833,0.833],"y":[0.833,0.833,0.833]},"o":{"x":[0.167,0.167,0.167],"y":[0.167,0.167,0.167]},"t":17,"s":[0,0,100]},{"t":21,"s":[100,100,100]}],"ix":6}},"ao":0,"ip":17,"op":103,"st":17,"bm":0},{"ddd":0,"ind":33,"ty":2,"nm":"Layer 24","refId":"image_22","sr":1,"ks":{"o":{"a":0,"k":100,"ix":11},"r":{"a":0,"k":0,"ix":10},"p":{"a":0,"k":[185.271,147.964,0],"ix":2},"a":{"a":0,"k":[24.209,24.303,0],"ix":1},"s":{"a":1,"k":[{"i":{"x":[0.833,0.833,0.833],"y":[0.833,0.833,0.833]},"o":{"x":[0.167,0.167,0.167],"y":[0.167,0.167,0.167]},"t":18,"s":[0,0,100]},{"t":22,"s":[100,100,100]}],"ix":6}},"ao":0,"ip":18,"op":103,"st":18,"bm":0},{"ddd":0,"ind":34,"ty":2,"nm":"Layer 25","refId":"image_23","sr":1,"ks":{"o":{"a":0,"k":100,"ix":11},"r":{"a":0,"k":0,"ix":10},"p":{"a":0,"k":[223.179,125.575,0],"ix":2},"a":{"a":0,"k":[24.017,24.255,0],"ix":1},"s":{"a":1,"k":[{"i":{"x":[0.833,0.833,0.833],"y":[0.833,0.833,0.833]},"o":{"x":[0.167,0.167,0.167],"y":[0.167,0.167,0.167]},"t":19,"s":[0,0,100]},{"t":23,"s":[100,100,100]}],"ix":6}},"ao":0,"ip":19,"op":103,"st":19,"bm":0},{"ddd":0,"ind":35,"ty":2,"nm":"Layer 26","refId":"image_24","sr":1,"ks":{"o":{"a":0,"k":100,"ix":11},"r":{"a":0,"k":0,"ix":10},"p":{"a":0,"k":[261.651,103.317,0],"ix":2},"a":{"a":0,"k":[22.194,24.045,0],"ix":1},"s":{"a":1,"k":[{"i":{"x":[0.833,0.833,0.833],"y":[0.833,0.833,0.833]},"o":{"x":[0.167,0.167,0.167],"y":[0.167,0.167,0.167]},"t":20,"s":[0,0,100]},{"t":24,"s":[100,100,100]}],"ix":6}},"ao":0,"ip":20,"op":103,"st":20,"bm":0},{"ddd":0,"ind":36,"ty":2,"nm":"Layer 27","refId":"image_25","sr":1,"ks":{"o":{"a":0,"k":100,"ix":11},"r":{"a":0,"k":0,"ix":10},"p":{"a":0,"k":[300.651,86.799,0],"ix":2},"a":{"a":0,"k":[21.868,24.579,0],"ix":1},"s":{"a":1,"k":[{"i":{"x":[0.833,0.833,0.833],"y":[0.833,0.833,0.833]},"o":{"x":[0.167,0.167,0.167],"y":[0.167,0.167,0.167]},"t":22,"s":[0,0,100]},{"t":26,"s":[100,100,100]}],"ix":6}},"ao":0,"ip":22,"op":103,"st":22,"bm":0},{"ddd":0,"ind":37,"ty":2,"nm":"Layer 28","refId":"image_26","sr":1,"ks":{"o":{"a":0,"k":100,"ix":11},"r":{"a":0,"k":0,"ix":10},"p":{"a":0,"k":[343.529,75.57,0],"ix":2},"a":{"a":0,"k":[17.005,21.561,0],"ix":1},"s":{"a":1,"k":[{"i":{"x":[0.833,0.833,0.833],"y":[0.833,0.833,0.833]},"o":{"x":[0.167,0.167,0.167],"y":[0.167,0.167,0.167]},"t":14,"s":[0,0,100]},{"t":18,"s":[100,100,100]}],"ix":6}},"ao":0,"ip":14,"op":103,"st":14,"bm":0},{"ddd":0,"ind":38,"ty":2,"nm":"Layer 30","refId":"image_27","sr":1,"ks":{"o":{"a":0,"k":100,"ix":11},"r":{"a":0,"k":0,"ix":10},"p":{"a":0,"k":[385.986,71.671,0],"ix":2},"a":{"a":0,"k":[16.257,20.438,0],"ix":1},"s":{"a":1,"k":[{"i":{"x":[0.833,0.833,0.833],"y":[0.833,0.833,0.833]},"o":{"x":[0.167,0.167,0.167],"y":[0.167,0.167,0.167]},"t":16,"s":[0,0,100]},{"t":20,"s":[100,100,100]}],"ix":6}},"ao":0,"ip":16,"op":103,"st":16,"bm":0},{"ddd":0,"ind":39,"ty":2,"nm":"Layer 31","refId":"image_28","sr":1,"ks":{"o":{"a":0,"k":100,"ix":11},"r":{"a":0,"k":0,"ix":10},"p":{"a":0,"k":[422.817,71.882,0],"ix":2},"a":{"a":0,"k":[13.145,20.958,0],"ix":1},"s":{"a":1,"k":[{"i":{"x":[0.833,0.833,0.833],"y":[0.833,0.833,0.833]},"o":{"x":[0.167,0.167,0.167],"y":[0.167,0.167,0.167]},"t":18,"s":[0,0,100]},{"t":22,"s":[100,100,100]}],"ix":6}},"ao":0,"ip":18,"op":103,"st":18,"bm":0},{"ddd":0,"ind":40,"ty":2,"nm":"Layer 32","refId":"image_29","sr":1,"ks":{"o":{"a":0,"k":100,"ix":11},"r":{"a":0,"k":0,"ix":10},"p":{"a":0,"k":[461.99,76.608,0],"ix":2},"a":{"a":0,"k":[18.049,21.654,0],"ix":1},"s":{"a":1,"k":[{"i":{"x":[0.833,0.833,0.833],"y":[0.833,0.833,0.833]},"o":{"x":[0.167,0.167,0.167],"y":[0.167,0.167,0.167]},"t":20,"s":[0,0,100]},{"t":24,"s":[100,100,100]}],"ix":6}},"ao":0,"ip":20,"op":103,"st":20,"bm":0},{"ddd":0,"ind":41,"ty":2,"nm":"Layer 33","refId":"image_30","sr":1,"ks":{"o":{"a":0,"k":100,"ix":11},"r":{"a":0,"k":0,"ix":10},"p":{"a":0,"k":[497.584,89.548,0],"ix":2},"a":{"a":0,"k":[18.521,22.044,0],"ix":1},"s":{"a":1,"k":[{"i":{"x":[0.833,0.833,0.833],"y":[0.833,0.833,0.833]},"o":{"x":[0.167,0.167,0.167],"y":[0.167,0.167,0.167]},"t":21,"s":[0,0,100]},{"t":25,"s":[100,100,100]}],"ix":6}},"ao":0,"ip":21,"op":103,"st":21,"bm":0},{"ddd":0,"ind":42,"ty":2,"nm":"Layer 34","refId":"image_31","sr":1,"ks":{"o":{"a":0,"k":100,"ix":11},"r":{"a":0,"k":0,"ix":10},"p":{"a":0,"k":[584.14,126.243,0],"ix":2},"a":{"a":0,"k":[17.831,20.956,0],"ix":1},"s":{"a":1,"k":[{"i":{"x":[0.833,0.833,0.833],"y":[0.833,0.833,0.833]},"o":{"x":[0.167,0.167,0.167],"y":[0.167,0.167,0.167]},"t":23,"s":[0,0,100]},{"t":27,"s":[100,100,100]}],"ix":6}},"ao":0,"ip":23,"op":103,"st":23,"bm":0},{"ddd":0,"ind":43,"ty":2,"nm":"Layer 35","refId":"image_32","sr":1,"ks":{"o":{"a":0,"k":100,"ix":11},"r":{"a":0,"k":0,"ix":10},"p":{"a":0,"k":[609.893,147.59,0],"ix":2},"a":{"a":0,"k":[23.104,26.157,0],"ix":1},"s":{"a":1,"k":[{"i":{"x":[0.833,0.833,0.833],"y":[0.833,0.833,0.833]},"o":{"x":[0.167,0.167,0.167],"y":[0.167,0.167,0.167]},"t":26,"s":[0,0,100]},{"t":30,"s":[100,100,100]}],"ix":6}},"ao":0,"ip":26,"op":103,"st":26,"bm":0},{"ddd":0,"ind":44,"ty":2,"nm":"Layer 36","refId":"image_33","sr":1,"ks":{"o":{"a":0,"k":100,"ix":11},"r":{"a":0,"k":0,"ix":10},"p":{"a":0,"k":[638.238,183.639,0],"ix":2},"a":{"a":0,"k":[21.743,21.008,0],"ix":1},"s":{"a":1,"k":[{"i":{"x":[0.833,0.833,0.833],"y":[0.833,0.833,0.833]},"o":{"x":[0.167,0.167,0.167],"y":[0.167,0.167,0.167]},"t":29,"s":[0,0,100]},{"t":33,"s":[100,100,100]}],"ix":6}},"ao":0,"ip":29,"op":103,"st":29,"bm":0},{"ddd":0,"ind":45,"ty":2,"nm":"Layer 37","refId":"image_34","sr":1,"ks":{"o":{"a":0,"k":100,"ix":11},"r":{"a":0,"k":0,"ix":10},"p":{"a":0,"k":[672.281,211.311,0],"ix":2},"a":{"a":0,"k":[27.077,24.924,0],"ix":1},"s":{"a":1,"k":[{"i":{"x":[0.833,0.833,0.833],"y":[0.833,0.833,0.833]},"o":{"x":[0.167,0.167,0.167],"y":[0.167,0.167,0.167]},"t":29,"s":[0,0,100]},{"t":33,"s":[100,100,100]}],"ix":6}},"ao":0,"ip":29,"op":103,"st":29,"bm":0},{"ddd":0,"ind":46,"ty":2,"nm":"Layer 38","refId":"image_35","sr":1,"ks":{"o":{"a":0,"k":100,"ix":11},"r":{"a":0,"k":0,"ix":10},"p":{"a":0,"k":[691.322,244.487,0],"ix":2},"a":{"a":0,"k":[21.262,16.581,0],"ix":1},"s":{"a":1,"k":[{"i":{"x":[0.833,0.833,0.833],"y":[0.833,0.833,0.833]},"o":{"x":[0.167,0.167,0.167],"y":[0.167,0.167,0.167]},"t":13,"s":[0,0,100]},{"t":17,"s":[100,100,100]}],"ix":6}},"ao":0,"ip":13,"op":103,"st":13,"bm":0},{"ddd":0,"ind":47,"ty":2,"nm":"Layer 39","refId":"image_36","sr":1,"ks":{"o":{"a":0,"k":100,"ix":11},"r":{"a":0,"k":0,"ix":10},"p":{"a":0,"k":[703.081,283.057,0],"ix":2},"a":{"a":0,"k":[22.325,18.159,0],"ix":1},"s":{"a":1,"k":[{"i":{"x":[0.833,0.833,0.833],"y":[0.833,0.833,0.833]},"o":{"x":[0.167,0.167,0.167],"y":[0.167,0.167,0.167]},"t":14,"s":[0,0,100]},{"t":18,"s":[100,100,100]}],"ix":6}},"ao":0,"ip":14,"op":103,"st":14,"bm":0},{"ddd":0,"ind":48,"ty":2,"nm":"Layer 40","refId":"image_37","sr":1,"ks":{"o":{"a":0,"k":100,"ix":11},"r":{"a":0,"k":0,"ix":10},"p":{"a":0,"k":[720.092,317.497,0],"ix":2},"a":{"a":0,"k":[23.716,20.908,0],"ix":1},"s":{"a":1,"k":[{"i":{"x":[0.833,0.833,0.833],"y":[0.833,0.833,0.833]},"o":{"x":[0.167,0.167,0.167],"y":[0.167,0.167,0.167]},"t":16,"s":[0,0,100]},{"t":20,"s":[100,100,100]}],"ix":6}},"ao":0,"ip":16,"op":103,"st":16,"bm":0},{"ddd":0,"ind":49,"ty":2,"nm":"Layer 41","refId":"image_38","sr":1,"ks":{"o":{"a":0,"k":100,"ix":11},"r":{"a":0,"k":0,"ix":10},"p":{"a":0,"k":[726.942,364.62,0],"ix":2},"a":{"a":0,"k":[20.878,19.091,0],"ix":1},"s":{"a":1,"k":[{"i":{"x":[0.833,0.833,0.833],"y":[0.833,0.833,0.833]},"o":{"x":[0.167,0.167,0.167],"y":[0.167,0.167,0.167]},"t":18,"s":[0,0,100]},{"t":22,"s":[100,100,100]}],"ix":6}},"ao":0,"ip":18,"op":103,"st":18,"bm":0},{"ddd":0,"ind":50,"ty":2,"nm":"Layer 42","refId":"image_39","sr":1,"ks":{"o":{"a":0,"k":100,"ix":11},"r":{"a":0,"k":0,"ix":10},"p":{"a":0,"k":[724.255,461.697,0],"ix":2},"a":{"a":0,"k":[22.005,20.965,0],"ix":1},"s":{"a":1,"k":[{"i":{"x":[0.833,0.833,0.833],"y":[0.833,0.833,0.833]},"o":{"x":[0.167,0.167,0.167],"y":[0.167,0.167,0.167]},"t":32,"s":[0,0,100]},{"t":36,"s":[100,100,100]}],"ix":6}},"ao":0,"ip":32,"op":103,"st":32,"bm":0},{"ddd":0,"ind":51,"ty":2,"nm":"Layer 43","refId":"image_40","sr":1,"ks":{"o":{"a":0,"k":100,"ix":11},"r":{"a":0,"k":0,"ix":10},"p":{"a":0,"k":[732.466,502.274,0],"ix":2},"a":{"a":0,"k":[6.995,4.031,0],"ix":1},"s":{"a":1,"k":[{"i":{"x":[0.833,0.833,0.833],"y":[0.833,0.833,0.833]},"o":{"x":[0.167,0.167,0.167],"y":[0.167,0.167,0.167]},"t":35,"s":[0,0,100]},{"t":39,"s":[100,100,100]}],"ix":6}},"ao":0,"ip":35,"op":103,"st":35,"bm":0},{"ddd":0,"ind":52,"ty":2,"nm":"Layer 44","refId":"image_41","sr":1,"ks":{"o":{"a":0,"k":100,"ix":11},"r":{"a":0,"k":0,"ix":10},"p":{"a":0,"k":[704.473,524.398,0],"ix":2},"a":{"a":0,"k":[21.349,15.274,0],"ix":1},"s":{"a":1,"k":[{"i":{"x":[0.833,0.833,0.833],"y":[0.833,0.833,0.833]},"o":{"x":[0.167,0.167,0.167],"y":[0.167,0.167,0.167]},"t":36,"s":[0,0,100]},{"t":40,"s":[100,100,100]}],"ix":6}},"ao":0,"ip":36,"op":103,"st":36,"bm":0},{"ddd":0,"ind":53,"ty":2,"nm":"Layer 45","refId":"image_42","sr":1,"ks":{"o":{"a":0,"k":100,"ix":11},"r":{"a":0,"k":0,"ix":10},"p":{"a":0,"k":[691.758,557.593,0],"ix":2},"a":{"a":0,"k":[23.226,20.355,0],"ix":1},"s":{"a":1,"k":[{"i":{"x":[0.833,0.833,0.833],"y":[0.833,0.833,0.833]},"o":{"x":[0.167,0.167,0.167],"y":[0.167,0.167,0.167]},"t":37,"s":[0,0,100]},{"t":41,"s":[100,100,100]}],"ix":6}},"ao":0,"ip":37,"op":103,"st":37,"bm":0},{"ddd":0,"ind":54,"ty":2,"nm":"Layer 46","refId":"image_43","sr":1,"ks":{"o":{"a":0,"k":100,"ix":11},"r":{"a":0,"k":0,"ix":10},"p":{"a":0,"k":[665.229,579.726,0],"ix":2},"a":{"a":0,"k":[22.137,20.05,0],"ix":1},"s":{"a":1,"k":[{"i":{"x":[0.833,0.833,0.833],"y":[0.833,0.833,0.833]},"o":{"x":[0.167,0.167,0.167],"y":[0.167,0.167,0.167]},"t":39,"s":[0,0,100]},{"t":43,"s":[100,100,100]}],"ix":6}},"ao":0,"ip":39,"op":103,"st":39,"bm":0},{"ddd":0,"ind":55,"ty":2,"nm":"Layer 47","refId":"image_44","sr":1,"ks":{"o":{"a":0,"k":100,"ix":11},"r":{"a":0,"k":0,"ix":10},"p":{"a":0,"k":[644.32,614.045,0],"ix":2},"a":{"a":0,"k":[24.369,19.377,0],"ix":1},"s":{"a":1,"k":[{"i":{"x":[0.833,0.833,0.833],"y":[0.833,0.833,0.833]},"o":{"x":[0.167,0.167,0.167],"y":[0.167,0.167,0.167]},"t":41,"s":[0,0,100]},{"t":45,"s":[100,100,100]}],"ix":6}},"ao":0,"ip":41,"op":103,"st":41,"bm":0},{"ddd":0,"ind":56,"ty":2,"nm":"Layer 48","refId":"image_45","sr":1,"ks":{"o":{"a":0,"k":100,"ix":11},"r":{"a":0,"k":0,"ix":10},"p":{"a":0,"k":[621.415,641.514,0],"ix":2},"a":{"a":0,"k":[19.33,20.153,0],"ix":1},"s":{"a":1,"k":[{"i":{"x":[0.833,0.833,0.833],"y":[0.833,0.833,0.833]},"o":{"x":[0.167,0.167,0.167],"y":[0.167,0.167,0.167]},"t":43,"s":[0,0,100]},{"t":47,"s":[100,100,100]}],"ix":6}},"ao":0,"ip":43,"op":103,"st":43,"bm":0},{"ddd":0,"ind":57,"ty":2,"nm":"Layer 49","refId":"image_46","sr":1,"ks":{"o":{"a":0,"k":100,"ix":11},"r":{"a":0,"k":0,"ix":10},"p":{"a":0,"k":[587.234,658.727,0],"ix":2},"a":{"a":0,"k":[19.983,22.245,0],"ix":1},"s":{"a":1,"k":[{"i":{"x":[0.833,0.833,0.833],"y":[0.833,0.833,0.833]},"o":{"x":[0.167,0.167,0.167],"y":[0.167,0.167,0.167]},"t":45,"s":[0,0,100]},{"t":49,"s":[100,100,100]}],"ix":6}},"ao":0,"ip":45,"op":103,"st":45,"bm":0},{"ddd":0,"ind":58,"ty":2,"nm":"Layer 50","refId":"image_47","sr":1,"ks":{"o":{"a":1,"k":[{"i":{"x":[0.667],"y":[1]},"o":{"x":[0.333],"y":[0]},"t":4,"s":[0]},{"t":7,"s":[100]}],"ix":11},"r":{"a":0,"k":0,"ix":10},"p":{"a":0,"k":[402.701,398.3,0],"ix":2},"a":{"a":0,"k":[300.326,300.326,0],"ix":1},"s":{"a":0,"k":[100,100,100],"ix":6}},"ao":0,"ip":4,"op":103,"st":4,"bm":0},{"ddd":0,"ind":59,"ty":2,"nm":"Layer 51","refId":"image_48","sr":1,"ks":{"o":{"a":1,"k":[{"i":{"x":[0.667],"y":[1]},"o":{"x":[0.333],"y":[0]},"t":2,"s":[0]},{"t":5,"s":[100]}],"ix":11},"r":{"a":0,"k":0,"ix":10},"p":{"a":0,"k":[402.701,398.299,0],"ix":2},"a":{"a":0,"k":[373.799,373.799,0],"ix":1},"s":{"a":0,"k":[100,100,100],"ix":6}},"ao":0,"ip":2,"op":103,"st":2,"bm":0},{"ddd":0,"ind":60,"ty":2,"nm":"Layer 29","refId":"image_49","sr":1,"ks":{"o":{"a":0,"k":100,"ix":11},"r":{"a":0,"k":0,"ix":10},"p":{"a":0,"k":[0,800,0],"ix":2},"a":{"a":0,"k":[0,0,0],"ix":1},"s":{"a":0,"k":[100,100,100],"ix":6}},"ao":0,"ip":0,"op":103,"st":0,"bm":0}]}],"layers":[{"ddd":0,"ind":1,"ty":0,"nm":"italya-anjoman-logo animation 2","refId":"comp_0","sr":-1,"ks":{"o":{"a":1,"k":[{"i":{"x":[0.833],"y":[0.833]},"o":{"x":[0.167],"y":[0.167]},"t":204,"s":[0]},{"t":200.000169270833,"s":[100]}],"ix":11},"r":{"a":0,"k":0,"ix":10},"p":{"a":0,"k":[400,400,0],"ix":2},"a":{"a":0,"k":[400,400,0],"ix":1},"s":{"a":0,"k":[89,89,100],"ix":6}},"ao":0,"hasMask":true,"masksProperties":[{"inv":false,"mode":"a","pt":{"a":0,"k":{"i":[[209.744,0],[0,-209.744],[-209.744,0],[0,209.744]],"o":[[-209.744,0],[0,209.744],[209.744,0],[0,-209.744]],"v":[[402.247,22.472],[22.472,402.247],[402.247,782.022],[782.022,402.247]],"c":true},"ix":1},"o":{"a":0,"k":100,"ix":3},"x":{"a":0,"k":0,"ix":4},"nm":"Mask 1"}],"w":800,"h":800,"ip":205.993333333333,"op":102.993333333333,"st":206,"bm":0},{"ddd":0,"ind":2,"ty":0,"nm":"italya-anjoman-logo animation 3","refId":"comp_0","sr":1,"ks":{"o":{"a":1,"k":[{"i":{"x":[0.833],"y":[0.833]},"o":{"x":[0.167],"y":[0.167]},"t":0,"s":[0]},{"t":3,"s":[100]}],"ix":11},"r":{"a":0,"k":0,"ix":10},"p":{"a":0,"k":[400,400,0],"ix":2},"a":{"a":0,"k":[400,400,0],"ix":1},"s":{"a":0,"k":[89,89,100],"ix":6}},"ao":0,"hasMask":true,"masksProperties":[{"inv":false,"mode":"a","pt":{"a":0,"k":{"i":[[209.744,0],[0,-209.744],[-209.744,0],[0,209.744]],"o":[[-209.744,0],[0,209.744],[209.744,0],[0,-209.744]],"v":[[402.247,22.472],[22.472,402.247],[402.247,782.022],[782.022,402.247]],"c":true},"ix":1},"o":{"a":0,"k":100,"ix":3},"x":{"a":0,"k":0,"ix":4},"nm":"Mask 1"}],"w":800,"h":800,"ip":0,"op":103,"st":0,"bm":0}],"markers":[]}